"id","productType","productTypeKey","name.en","name.en-US","description.en","description.en-US","categories","slug.en","slug.en-US","metaTitle.en-US","metaTitle.ru","metaDescription.en-US","metaDescription.ru","_hasStagedChanges","_published","key","tax","priceMode","createdAt","lastModifiedAt","variantId","sku","variantKey","images","prices","color","size","brand"
"016fbcff-bbdd-4f67-a389-9bb8c65fb217","Men's T-shirt","m-ts","","Men's Black T-shirt","","Black is the perfect color to achieve a classy, ​​bold yet sophisticated look. Now get that basic look more highlighted with our classic Plain Black Half Sleeve Round Neck T-shirt. A must-have wardrobe essential for every Man.
The t-shirt comes with soft and breathable fabric just perfect for your daily comfort.",";","","mens-black-t-shirt","","","","","false","true","men-t-shirt-black","Standard Tax Category","Embedded","2023-08-28T08:51:05.070Z","2023-09-11T23:19:18.260Z",1,"M-TS-BLACK-L","m-ts-black-large","https://9cc648903f46797d26b4-5645e54697106a948ca0e20f3486fc59.ssl.cf3.rackcdn.com/m-ts-black-01-5emUagO6.jpg|m-ts-black-large-01|500x599;https://9cc648903f46797d26b4-5645e54697106a948ca0e20f3486fc59.ssl.cf3.rackcdn.com/m-ts-black-02-hpX38yJZ.jpg|m-ts-black-large-02|500x606","EUR 1750|875","black","l","ayumu"
"59410435-7ea1-4b98-b4ef-c2fbe71e5b7e","Men's T-shirt","m-ts","","Men's Gray T-Shirt","","Now get that basic look more highlighted with our classy stone grey Half Sleeve Round Neck T-shirt for Men. A must-have wardrobe essential for every Man.",";","","mens-gray-t-shirt","","","","","false","true","men-t-shirt-gray","Standard Tax Category","Embedded","2023-08-28T09:01:54.311Z","2023-09-11T23:19:34.068Z",1,"M-TS-GRAY-M","m-ts-gray-medium","https://9cc648903f46797d26b4-5645e54697106a948ca0e20f3486fc59.ssl.cf3.rackcdn.com/m-ts-gray-01-8iFEDrbu.jpg|m-ts-gray-medium-01|500x599;https://9cc648903f46797d26b4-5645e54697106a948ca0e20f3486fc59.ssl.cf3.rackcdn.com/m-ts-gray-02-_xiJyki9.jpg|m-ts-gray-medium-02|500x606","EUR 2499|1249","gray","m","ayumu"
,,,,,,,,,,,,,,,,,,,,,2,"M-TS-GRAY-L","m-ts-gray-large","https://9cc648903f46797d26b4-5645e54697106a948ca0e20f3486fc59.ssl.cf3.rackcdn.com/m-ts-gray-01-b-1GU0-s.jpg|m-ts-gray-large-01|500x599;https://9cc648903f46797d26b4-5645e54697106a948ca0e20f3486fc59.ssl.cf3.rackcdn.com/m-ts-gray-02-lMB4RKhz.jpg|m-ts-gray-large-02|500x606","EUR 2499|1249","gray","l","ayumu"
"dd806907-9609-4ca7-815b-f26670d9423c","Men's T-shirt","m-ts","","Men's White T-shirt","","The fresh and lightest colour option available to start with your minimalist wardrobe approach is White. White Men's Round Neck Half Sleeve t-shirt will make you look stylish, just pair them up with some Jeans and funky sneakers on!",";","","mens-white-t-shirt","","","","","false","true","men-t-shirt-white","Standard Tax Category","Embedded","2023-08-28T08:31:57.327Z","2023-09-11T23:21:14.111Z",1,"M-TS-WHITE-S","m-ts-white-small","https://9cc648903f46797d26b4-5645e54697106a948ca0e20f3486fc59.ssl.cf3.rackcdn.com/m-ts-white-01-CV8t_AhK.jpg|m-ts-white-small-01|500x603;https://9cc648903f46797d26b4-5645e54697106a948ca0e20f3486fc59.ssl.cf3.rackcdn.com/m-ts-white-02--dOSfN5X.jpg|m-ts-white-small-02|500x596;https://9cc648903f46797d26b4-5645e54697106a948ca0e20f3486fc59.ssl.cf3.rackcdn.com/m-ts-white-03-P06Dsb0F.jpg|m-ts-white-small-03|500x608","EUR 1490|745","white","s","sadees"
,,,,,,,,,,,,,,,,,,,,,2,"M-TS-WHITE-M","m-ts-white-medium","https://9cc648903f46797d26b4-5645e54697106a948ca0e20f3486fc59.ssl.cf3.rackcdn.com/m-ts-white-01-IASW4ETD.jpg|m-ts-white-medium-01|500x603;https://9cc648903f46797d26b4-5645e54697106a948ca0e20f3486fc59.ssl.cf3.rackcdn.com/m-ts-white-02-K9VJW6Je.jpg|m-ts-white-medium-02|500x596;https://9cc648903f46797d26b4-5645e54697106a948ca0e20f3486fc59.ssl.cf3.rackcdn.com/m-ts-white-03-kA8nbwza.jpg|m-ts-white-medium-03|500x608","EUR 1490|745","white","m","sadees"
,,,,,,,,,,,,,,,,,,,,,3,"M-TS-WHITE-XL","m-ts-white-Xlarge","https://9cc648903f46797d26b4-5645e54697106a948ca0e20f3486fc59.ssl.cf3.rackcdn.com/m-ts-white-01-VU9opfis.jpg|m-ts-white-Xlarge-01|500x603;https://9cc648903f46797d26b4-5645e54697106a948ca0e20f3486fc59.ssl.cf3.rackcdn.com/m-ts-white-02-7kXUi08S.jpg|m-ts-white-Xlarge-02|500x596;https://9cc648903f46797d26b4-5645e54697106a948ca0e20f3486fc59.ssl.cf3.rackcdn.com/m-ts-white-03-4PnRmx3y.jpg|m-ts-white-Xlarge-03|500x608","EUR 1490|745","white","xl","sadees"
"19a64079-0206-41c4-962b-060c89462d4f","Men's T-shirt","m-ts","","Men's Red T-shirt","","When you are looking for a new yet classy look, go with our plain Red T-shirt available in Round Neck Half Sleeve and pair it with slim jeans or cutoff shorts. You can also transform this casual red tee as evening attire when you pair it with some denim jeans and your favourite canvas shoes.",";","","mens-red-t-shirt","","","","","false","true","men-t-shirt-red","Standard Tax Category","Embedded","2023-08-28T07:57:59.343Z","2023-09-11T23:20:43.109Z",1,"M-TS-RED-S","m-ts-red-small","https://9cc648903f46797d26b4-5645e54697106a948ca0e20f3486fc59.ssl.cf3.rackcdn.com/m-ts-red-01-2guq2Lnu.jpg|m-ts-red-small-01|500x604;https://9cc648903f46797d26b4-5645e54697106a948ca0e20f3486fc59.ssl.cf3.rackcdn.com/m-ts-red-02-cbvdPbT5.jpg|m-ts-red-small-02|500x598;https://9cc648903f46797d26b4-5645e54697106a948ca0e20f3486fc59.ssl.cf3.rackcdn.com/m-ts-red-03-40uvwHvP.jpg|m-ts-red-small-03|500x602","EUR 1999|999","red","s","kratkoe"
,,,,,,,,,,,,,,,,,,,,,2,"M-TS-RED-M","m-ts-red-medium","https://9cc648903f46797d26b4-5645e54697106a948ca0e20f3486fc59.ssl.cf3.rackcdn.com/m-ts-red-01-Tl8GxxZi.jpg|m-ts-red-medium-01|500x604;https://9cc648903f46797d26b4-5645e54697106a948ca0e20f3486fc59.ssl.cf3.rackcdn.com/m-ts-red-02-k_eJocY0.jpg|m-ts-red-medium-02|500x598;https://9cc648903f46797d26b4-5645e54697106a948ca0e20f3486fc59.ssl.cf3.rackcdn.com/m-ts-red-03-uo8XOeMQ.jpg|m-ts-red-medium-03|500x602","EUR 1999|999","red","m","kratkoe"
,,,,,,,,,,,,,,,,,,,,,3,"M-TS-RED-L","m-ts-red-large","https://9cc648903f46797d26b4-5645e54697106a948ca0e20f3486fc59.ssl.cf3.rackcdn.com/m-ts-red-01-RIBFLOpC.jpg|m-ts-red-large-01|500x604;https://9cc648903f46797d26b4-5645e54697106a948ca0e20f3486fc59.ssl.cf3.rackcdn.com/m-ts-red-02-stxR1KtJ.jpg|m-ts-red-large-02|500x598;https://9cc648903f46797d26b4-5645e54697106a948ca0e20f3486fc59.ssl.cf3.rackcdn.com/m-ts-red-03-7i80yObm.jpg|m-ts-red-large-03|500x602","EUR 1999|999","red","l","kratkoe"
