"id","productType","productTypeKey","name.en","name.en-US","description.en","description.en-US","categories","slug.en","slug.en-US","metaTitle.en-US","metaTitle.ru","metaDescription.en-US","metaDescription.ru","_hasStagedChanges","_published","key","tax","priceMode","createdAt","lastModifiedAt","variantId","sku","variantKey","images","prices","color","size","brand"
"96c08b52-476d-4d10-b68a-921f742d4c59","Men's Longsleeve","m-ls","","Men's Gray Longsleeve","","Men's round neck grey longsleeves.
100% Premium cotton.
Super Combed.
Bio-washed.
Double Stitched.",";","","mens-gray-longsleeve","","","","","false","true","men-longsleeve-gray","Standard Tax Category","Embedded","2023-08-28T10:48:10.736Z","2023-09-14T19:34:18.622Z",1,"M-LS-GRAY-S","m-ls-gray-small","https://9cc648903f46797d26b4-5645e54697106a948ca0e20f3486fc59.ssl.cf3.rackcdn.com/m-ls-gray-01-PUuRJuTo.jpg|m-ls-gray-small-01|500x601;https://9cc648903f46797d26b4-5645e54697106a948ca0e20f3486fc59.ssl.cf3.rackcdn.com/m-ls-gray-02-ZuxPncle.jpg|m-ls-gray-02|500x613","EUR 1290","gray","s","kratkoe"
"c71d0b37-54be-4b6b-9ebc-62e292c95a7e","Men's Longsleeve","m-ls","","Men's Black Longsleeve","","A black sweatshirt is a classic choice for men's autumn clothing. A must-have wardrobe essential for a cozy and warm autumn. 100% Cotton Super combed,
Bio-Washed",";","","mens-black-longsleeve","","","","","false","true","men-longsleeve-black","Standard Tax Category","Embedded","2023-08-28T10:29:31.055Z","2023-09-14T19:34:18.597Z",1,"M-LS-BLACK-S","m-ls-black-small","https://9cc648903f46797d26b4-5645e54697106a948ca0e20f3486fc59.ssl.cf3.rackcdn.com/m-ls-black-01-hrz0VgXW.jpg|m-ls-black-small-01|500x608;https://9cc648903f46797d26b4-5645e54697106a948ca0e20f3486fc59.ssl.cf3.rackcdn.com/m-ls-black-02-w-_YOXgS.jpg|m-ls-black-small-02|500x615","EUR 700","black","s","sadees"
,,,,,,,,,,,,,,,,,,,,,2,"M-LS-BLACK-M","m-ls-black-medium","https://9cc648903f46797d26b4-5645e54697106a948ca0e20f3486fc59.ssl.cf3.rackcdn.com/m-ls-black-01-iKj6M_Zx.jpg|m-ls-black-medium-01|500x608;https://9cc648903f46797d26b4-5645e54697106a948ca0e20f3486fc59.ssl.cf3.rackcdn.com/m-ls-black-02-0an9dHTK.jpg|m-ls-black-medium-02|500x615","EUR 700","black","m","sadees"
