"id","productType","productTypeKey","name.en","name.en-US","description.en","description.en-US","categories","slug.en","slug.en-US","metaTitle.en-US","metaTitle.ru","metaDescription.en-US","metaDescription.ru","_hasStagedChanges","_published","key","tax","priceMode","createdAt","lastModifiedAt","variantId","sku","variantKey","images","prices","color","size","brand"
"77a9c540-e6ab-4458-b9e4-af11a3df3160","Men's Hoodie","m-hoodie","","Men's Yellow Hoodie","","Premium Sunshine yellow Men's Regular Fit Hooded Sweatshirt, kangaroo Pockets.  100% cotton",";","","mens-yellow-hoodie","","","","","false","true","men-hoodie-yellow","Standard Tax Category","Embedded","2023-08-28T09:17:16.803Z","2023-09-14T19:34:18.458Z",1,"M-HOODIE-YELLOW-S","m-hoodie-yellow-small","https://9cc648903f46797d26b4-5645e54697106a948ca0e20f3486fc59.ssl.cf3.rackcdn.com/m-hoodie-yellow-01-DFxJ6Dmz.jpg|m-hoodie-yellow-small-01|500x605;https://9cc648903f46797d26b4-5645e54697106a948ca0e20f3486fc59.ssl.cf3.rackcdn.com/m-hoodie-yellow-02-2u22_NvL.jpg|m-hoodie-yellow-small-02|500x605","EUR 2499","yellow","s","sadees"
,,,,,,,,,,,,,,,,,,,,,2,"M-HOODIE-YELLOW-L","m-hoodie-yellow-large","https://9cc648903f46797d26b4-5645e54697106a948ca0e20f3486fc59.ssl.cf3.rackcdn.com/m-hoodie-yellow-01-h2UQ1G7E.jpg|m-hoodie-yellow-large-01|500x605;https://9cc648903f46797d26b4-5645e54697106a948ca0e20f3486fc59.ssl.cf3.rackcdn.com/m-hoodie-yellow-02-Ilqzd1zt.jpg|m-hoodie-yellow-large-02|500x605","EUR 2499","yellow","l","sadees"
"a8375c5e-742b-4092-b97a-42aedc96c1d5","Men's Hoodie","m-hoodie","","Men's Blue Hoodie","","Premium Blue Men's Regular Fit Hooded Sweatshirt, kangaroo Pockets. 100% cotton.",";","","mens-blue-hoodie","","","","","false","true","men-hoodie-blue","Standard Tax Category","Embedded","2023-08-28T10:12:32.274Z","2023-09-14T19:34:18.597Z",1,"M-HOODIE-BLUE-L","m-hoodie-blue-large","https://9cc648903f46797d26b4-5645e54697106a948ca0e20f3486fc59.ssl.cf3.rackcdn.com/m-h-blue-01-yreN7qWl.jpg|m-hoodie-blue-large|500x579","EUR 2990","blue","l","kratkoe"
"0a118301-f0d7-4193-9df8-58068f0c00eb","Men's Hoodie","m-hoodie","","Men's Gray Hoodie","","Premium Men's Regular Fit Hooded Sweatshirt, kangaroo Pockets. 100% Cotton.",";","","mens-gray-hoodie","","","","","false","true","men-hoodie-gray","Standard Tax Category","Embedded","2023-08-28T09:52:54.962Z","2023-09-14T19:34:18.565Z",1,"M-HOODIE-GRAY-L","m-hoodie-gray-large","https://9cc648903f46797d26b4-5645e54697106a948ca0e20f3486fc59.ssl.cf3.rackcdn.com/m-h-gray-01-d7Lo7sb5.jpg|m-hoodie-gray-large-01|500x603;https://9cc648903f46797d26b4-5645e54697106a948ca0e20f3486fc59.ssl.cf3.rackcdn.com/m-h-gray-02-Fek2NCa2.jpg|m-hoodie-gray-large-02|500x612","EUR 2350","gray","l","kratkoe"
,,,,,,,,,,,,,,,,,,,,,2,"M-HOODIE-GRAY-XL","m-hoodie-gray-Xlarge","https://9cc648903f46797d26b4-5645e54697106a948ca0e20f3486fc59.ssl.cf3.rackcdn.com/m-h-gray-01-TheXACxc.jpg|m-hoodie-gray-Xlarge-01|500x603;https://9cc648903f46797d26b4-5645e54697106a948ca0e20f3486fc59.ssl.cf3.rackcdn.com/m-h-gray-02-5ESNidGS.jpg|m-hoodie-gray-Xlarge-02|500x612","EUR 2350","gray","xl","kratkoe"
"360e1efc-d56f-46c2-b630-ec50c7f2e585","Men's Hoodie","m-hoodie","","Men's Black Hoodie","","Premium Men's Regular Fit Hooded Sweatshirt, kangaroo Pockets. 80% Cotton/20% Polyester.",";","","mens-black-hoodie","","","","","false","true","men-hoodie-black","Standard Tax Category","Embedded","2023-08-28T09:40:25.558Z","2023-09-14T19:34:18.521Z",1,"M-HOODIE-BLACK-M","m-hoodie-black-medium","https://9cc648903f46797d26b4-5645e54697106a948ca0e20f3486fc59.ssl.cf3.rackcdn.com/m-h-black-01-zsV2rAkf.jpg|m-hoodie-black-medium|500x602;https://9cc648903f46797d26b4-5645e54697106a948ca0e20f3486fc59.ssl.cf3.rackcdn.com/m-h-black-02-FbBVgtee.jpg|m-hoodie-black-medium|500x596","EUR 1999","black","m","ayumu"
,,,,,,,,,,,,,,,,,,,,,2,"M-HOODIE-BLACK-L","m-hoodie-black-large","https://9cc648903f46797d26b4-5645e54697106a948ca0e20f3486fc59.ssl.cf3.rackcdn.com/m-h-black-01-RuGAP4IG.jpg|m-hoodie-black-large|500x602;https://9cc648903f46797d26b4-5645e54697106a948ca0e20f3486fc59.ssl.cf3.rackcdn.com/m-h-black-02-10JrrIBt.jpg|m-hoodie-black-large|500x596","EUR 1999","black","l","ayumu"
