"id","productType","productTypeKey","name.en","name.en-US","description.en","description.en-US","categories","slug.en","slug.en-US","metaTitle.en-US","metaTitle.ru","metaDescription.en-US","metaDescription.ru","_hasStagedChanges","_published","key","tax","priceMode","createdAt","lastModifiedAt","variantId","sku","variantKey","images","prices","color","size","brand"
"95d37ea1-f879-4f3f-bc68-ca726f6dfa22","Women's T-shirt","w-ts","","Women's Orange T-shirt","","A wardrobe essential, this tangerine-orange T-shirt is made from soft organic cotton-jersey. Cut for a straight, regular fit, it has a ribbed round neck and short sleeves. Neat topstitching",";","","orange-t-shirt","","","","","false","true","women-t-shirt-orange","Standard Tax Category","Embedded","2023-08-22T07:07:15.027Z","2023-09-11T23:20:35.733Z",1,"W-TS-ORANGE-S","w-ts-orange-small","https://9cc648903f46797d26b4-5645e54697106a948ca0e20f3486fc59.ssl.cf3.rackcdn.com/w-t-shirt-orange-01-KeAcbUTh.jpg|w-t-shirt-orange-01|500x599;https://9cc648903f46797d26b4-5645e54697106a948ca0e20f3486fc59.ssl.cf3.rackcdn.com/w-t-shirt-orange-02-w5tvnY5J.jpg|w-t-shirt-orange-02|500x604","EUR 1999|999","orange","s","ayumu"
,,,,,,,,,,,,,,,,,,,,,2,"W-TS-ORANGE-M","w-ts-orange-medium","https://9cc648903f46797d26b4-5645e54697106a948ca0e20f3486fc59.ssl.cf3.rackcdn.com/w-t-shirt-orange-01-eAmQpkLL.jpg|w-t-shirt-orange-01|500x599;https://9cc648903f46797d26b4-5645e54697106a948ca0e20f3486fc59.ssl.cf3.rackcdn.com/w-t-shirt-orange-02-yWAVrGBN.jpg|w-t-shirt-orange-02|500x604","EUR 1999|999","orange","m","ayumu"
,,,,,,,,,,,,,,,,,,,,,3,"W-TS-ORANGE-L","w-ts-orange-large","https://9cc648903f46797d26b4-5645e54697106a948ca0e20f3486fc59.ssl.cf3.rackcdn.com/w-t-shirt-orange-01-Ys49fEIh.jpg|w-t-shirt-orange-01|500x599;https://9cc648903f46797d26b4-5645e54697106a948ca0e20f3486fc59.ssl.cf3.rackcdn.com/w-t-shirt-orange-02-4ebTzZj9.jpg|w-t-shirt-orange-02|500x604","EUR 1999|999","orange","l","ayumu"
"a48802d8-1e22-49a2-b5bf-9d4ef79227f0","Women's T-shirt","w-ts","","Women's White T-shirt","","An understated essential, this white T-shirt is made from cotton with a soft jersey quality. Cut for a straight, regular fit, it has a round neck with tightly ribbed detail and it is finished with neat topstitching at the edges.",";","","white-t-shirt","","","","","false","true","women-t-shirt-white","Standard Tax Category","Embedded","2023-08-22T06:51:41.169Z","2023-09-11T23:20:50.488Z",1,"W-TS-WHITE-S","w-ts-white-small","https://9cc648903f46797d26b4-5645e54697106a948ca0e20f3486fc59.ssl.cf3.rackcdn.com/w-t-shirt-white-01-yq5HFcoa.jpg|w-t-shirt-white-01|500x600;https://9cc648903f46797d26b4-5645e54697106a948ca0e20f3486fc59.ssl.cf3.rackcdn.com/w-t-shirt-white-02-aTzG4kuf.jpg|w-t-shirt-white-02|500x604","EUR 1999|999","white","s","ayumu"
,,,,,,,,,,,,,,,,,,,,,2,"W-TS-WHITE-M","w-ts-white-medium","https://9cc648903f46797d26b4-5645e54697106a948ca0e20f3486fc59.ssl.cf3.rackcdn.com/w-t-shirt-white-01-vZcRXcxI.jpg|w-t-shirt-white-01|500x600;https://9cc648903f46797d26b4-5645e54697106a948ca0e20f3486fc59.ssl.cf3.rackcdn.com/w-t-shirt-white-02-9UBBdrdK.jpg|w-t-shirt-white-02|500x604","EUR 1999|999","white","m","ayumu"
"213eda80-7abb-49cc-8d3f-d6d58532f277","Women's T-shirt","w-ts","","Women's Gray T-shirt","","Classic casual t-shirt for women on the move.
Round neck, half sleeves Women's Grey T-shirt. 100% cotton, preshrunk. Regular fit with just the right balance of style and comfort. Looks really cool.",";","","grey-t-shirt","","","","","false","true","women-t-shirt-gray","Standard Tax Category","Embedded","2023-08-22T07:25:39.278Z","2023-09-11T23:20:29.511Z",1,"W-TS-GRAY-S","w-ts-gray-small","https://9cc648903f46797d26b4-5645e54697106a948ca0e20f3486fc59.ssl.cf3.rackcdn.com/w-t-shirt-gray-01-WQJAa_PS.jpg|w-t-shirt-gray-01|500x651;https://9cc648903f46797d26b4-5645e54697106a948ca0e20f3486fc59.ssl.cf3.rackcdn.com/w-t-shirt-gray-02-YIYG7Fwb.jpg|w-t-shirt-gray-02|500x602","EUR 2000|1000","gray","s","ayumu"
,,,,,,,,,,,,,,,,,,,,,2,"W-TS-GRAY-M","w-ts-gray-medium","https://9cc648903f46797d26b4-5645e54697106a948ca0e20f3486fc59.ssl.cf3.rackcdn.com/w-t-shirt-gray-01-J-AYdu7l.jpg|w-t-shirt-gray-01|500x651;https://9cc648903f46797d26b4-5645e54697106a948ca0e20f3486fc59.ssl.cf3.rackcdn.com/w-t-shirt-gray-02-DXgzF7JX.jpg|w-t-shirt-gray-02|500x602","EUR 2000|1000","gray","m","ayumu"
,,,,,,,,,,,,,,,,,,,,,3,"W-TS-GRAY-L","w-ts-gray-large","https://9cc648903f46797d26b4-5645e54697106a948ca0e20f3486fc59.ssl.cf3.rackcdn.com/w-t-shirt-gray-01-kaus1SBu.jpg|w-t-shirt-gray-01|500x651;https://9cc648903f46797d26b4-5645e54697106a948ca0e20f3486fc59.ssl.cf3.rackcdn.com/w-t-shirt-gray-02-tZZrLYWe.jpg|w-t-shirt-gray-02|500x602","EUR 2000|1000","gray","l","ayumu"
"89863f63-1ecc-40e7-90fa-a686f698a872","Women's T-shirt","w-ts","","Women's Black T-shirt","","Classic casual t-shirt for women on the move. 100% Heavyweight Cotton, Preshrunk Jersey. Tapered Feminine Fit. 

Please carefully note t-shirt measurements, in most cases, you may need to go up a size. Or, consider the unisex version for a looser fit. 
",";","","womens-burnt-black-casual-t-shirt","","","","","false","true","women-t-shirt-black","Standard Tax Category","Embedded","2023-08-22T07:18:35.750Z","2023-09-11T23:20:20.369Z",1,"W-TS-BLACK-S","w-ts-black-small","https://9cc648903f46797d26b4-5645e54697106a948ca0e20f3486fc59.ssl.cf3.rackcdn.com/w-t-shirt-black-01-Poy5LAxp.jpg|w-t-shirt-black-01|500x603;https://9cc648903f46797d26b4-5645e54697106a948ca0e20f3486fc59.ssl.cf3.rackcdn.com/w-t-shirt-black-02-1IBfsCnB.jpg|w-t-shirt-black-02|500x600","EUR 1999|999","black","s","kratkoe"
,,,,,,,,,,,,,,,,,,,,,2,"W-TS-BLACK-M","w-ts-black-medium","https://9cc648903f46797d26b4-5645e54697106a948ca0e20f3486fc59.ssl.cf3.rackcdn.com/w-t-shirt-black-01-eb-Z4kM0.jpg|w-t-shirt-black-01|500x603;https://9cc648903f46797d26b4-5645e54697106a948ca0e20f3486fc59.ssl.cf3.rackcdn.com/w-t-shirt-black-02-Wx4ewbO5.jpg|w-t-shirt-black-02|500x600","EUR 1999|999","black","m","kratkoe"
,,,,,,,,,,,,,,,,,,,,,3,"W-TS-BLACK-L","w-ts-black-large","https://9cc648903f46797d26b4-5645e54697106a948ca0e20f3486fc59.ssl.cf3.rackcdn.com/w-t-shirt-black-01-D4bBA5v2.jpg|w-t-shirt-black-01|500x603;https://9cc648903f46797d26b4-5645e54697106a948ca0e20f3486fc59.ssl.cf3.rackcdn.com/w-t-shirt-black-02-kP_rLXim.jpg|w-t-shirt-black-02|500x600","EUR 1999|999","black","l","kratkoe"
