"id","productType","productTypeKey","name.en","name.en-US","description.en","description.en-US","categories","slug.en","slug.en-US","_hasStagedChanges","_published","key","tax","priceMode","createdAt","lastModifiedAt","variantId","sku","variantKey","images","prices","color","size","brand"
"a110718c-42bc-4b1f-9607-76482af3b09d","Women's dress","w-drs","","Women's White Dress","","Medium-weight stretch knit forms this sexy little dress that features a square neckline and adjustable spaghetti straps. Fitted silhouette boasts pleating from the waist.",";","","womens-white-dress","false","true","women-dress-white","Standard Tax Category","Embedded","2023-08-23T10:05:05.694Z","2023-09-14T19:34:18.403Z",1,"W-DRS-WHITE-S","w-drs-white-small","https://9cc648903f46797d26b4-5645e54697106a948ca0e20f3486fc59.ssl.cf3.rackcdn.com/w-drs-white-01-KpGKtJxF.jpg|w-drs-white-01|500x609","EUR 3490","white","s","sadees"
"13c2cf49-ad07-48da-927f-4de4ba907db3","Women's dress","w-drs","","Women's Red Dress","","You're going to look oh so sweet in the Red Mini Dress! Stretch-woven fabric shapes this darling dress that falls from. Cotton 100%.",";","","evening-dress","false","true","women-dress-red","Standard Tax Category","Embedded","2023-08-22T12:49:53.711Z","2023-09-14T19:34:18.339Z",1,"W-DRS-RED-S","w-drs-red-small","https://9cc648903f46797d26b4-5645e54697106a948ca0e20f3486fc59.ssl.cf3.rackcdn.com/w-drs-red-01-Eoh9HSnH.jpg|w-drs-red-01|500x602;https://9cc648903f46797d26b4-5645e54697106a948ca0e20f3486fc59.ssl.cf3.rackcdn.com/w-drs-red-02-zuRN-dVC.jpg|w-drs-red-02|500x606;https://9cc648903f46797d26b4-5645e54697106a948ca0e20f3486fc59.ssl.cf3.rackcdn.com/w-drs-red-03-yycT__b6.jpg|w-drs-red-03|500x600","EUR 4999","red","s","kratkoe"
,,,,,,,,,,,,,,,,,2,"W-DRS-RED-M","w-drs-red-medium","https://9cc648903f46797d26b4-5645e54697106a948ca0e20f3486fc59.ssl.cf3.rackcdn.com/w-drs-red-01-1-BRNAqw.jpg|w-drs-red-01|500x602;https://9cc648903f46797d26b4-5645e54697106a948ca0e20f3486fc59.ssl.cf3.rackcdn.com/w-drs-red-02-HYGfuZ7i.jpg|w-drs-red-02|500x606;https://9cc648903f46797d26b4-5645e54697106a948ca0e20f3486fc59.ssl.cf3.rackcdn.com/w-drs-red-03-XWx_VXGM.jpg|w-drs-red-03|500x600","EUR 4999","red","m","kratkoe"
,,,,,,,,,,,,,,,,,3,"W-DRS-RED-L","w-drs-red-large","https://9cc648903f46797d26b4-5645e54697106a948ca0e20f3486fc59.ssl.cf3.rackcdn.com/w-drs-red-01-2sqOuIo0.jpg|w-drs-red-01|500x602;https://9cc648903f46797d26b4-5645e54697106a948ca0e20f3486fc59.ssl.cf3.rackcdn.com/w-drs-red-02-2lFnHoZO.jpg|w-drs-red-02|500x606;https://9cc648903f46797d26b4-5645e54697106a948ca0e20f3486fc59.ssl.cf3.rackcdn.com/w-drs-red-03-AYer3TvH.jpg|w-drs-red-03|500x600","EUR 4999","red","l","kratkoe"
"380ffddb-d89e-4aef-9beb-98d9c0319341","Women's dress","w-drs","","Women's Black Dress","","Black mini dress. 
Open back design. 
Grip tape on shoulder straps. 
High neckline. 
Long sleeved. 
92% Rayon
8% Elastane",";","","black-dress","false","true","women-dress-black","Standard Tax Category","Embedded","2023-08-22T08:33:17.806Z","2023-09-14T19:34:18.302Z",1,"W-DRS-BLACK-S","w-drs-black-small","https://9cc648903f46797d26b4-5645e54697106a948ca0e20f3486fc59.ssl.cf3.rackcdn.com/w-drs-black-01-J6vOHyz8.jpg|w-drs-black-01|500x602;https://9cc648903f46797d26b4-5645e54697106a948ca0e20f3486fc59.ssl.cf3.rackcdn.com/w-drs-black-02-E6aC0dMB.jpg|w-drs-black-02|500x603;https://9cc648903f46797d26b4-5645e54697106a948ca0e20f3486fc59.ssl.cf3.rackcdn.com/w-drs-black-03-6utHaPVc.jpg|w-drs-black-03|500x598","EUR 2990","black","s","sadees"
,,,,,,,,,,,,,,,,,2,"W-DRS-BLACK-M","w-drs-black-medium","https://9cc648903f46797d26b4-5645e54697106a948ca0e20f3486fc59.ssl.cf3.rackcdn.com/w-drs-black-01-OPk3hZsf.jpg|w-drs-black-medium-01|500x602;https://9cc648903f46797d26b4-5645e54697106a948ca0e20f3486fc59.ssl.cf3.rackcdn.com/w-drs-black-02-fGEH5wb7.jpg|w-drs-black-medium-02|500x603;https://9cc648903f46797d26b4-5645e54697106a948ca0e20f3486fc59.ssl.cf3.rackcdn.com/w-drs-black-03-jlw2VPpP.jpg|w-drs-black-medium-03|500x598","EUR 2990","black","m","sadees"
,,,,,,,,,,,,,,,,,3,"W-DRS-BLACK-L","w-drs-black-large","https://9cc648903f46797d26b4-5645e54697106a948ca0e20f3486fc59.ssl.cf3.rackcdn.com/w-drs-black-01-pNTcQphl.jpg|w-drs-black-large-01|500x602;https://9cc648903f46797d26b4-5645e54697106a948ca0e20f3486fc59.ssl.cf3.rackcdn.com/w-drs-black-02-8Zz5uHfW.jpg|w-drs-black-large-02|500x603;https://9cc648903f46797d26b4-5645e54697106a948ca0e20f3486fc59.ssl.cf3.rackcdn.com/w-drs-black-03-KUH291db.jpg|w-drs-black-large-03|500x598","EUR 2990","black","l","sadees"
