name,type,attributeConstraint,isRequired,isSearchable,displayGroup,label.ru,enumKey,enumLabel,label.en-US,inputTip.en-US,inputTip.ru,textInputHint
color,enum,None,true,true,Other,,red,red,Color,Color,,SingleLine
,,,,,,,blue,blue,,,,
,,,,,,,orange,orange,,,,
,,,,,,,white,white,,,,
,,,,,,,black,black,,,,
,,,,,,,gray,gray,,,,
,,,,,,,yellow,yellow,,,,
,,,,,,,black-white,black-white,,,,
size,enum,Unique,true,true,Other,,xs,XS,Size,Size,,SingleLine
,,,,,,,s,S,,,,
,,,,,,,m,M,,,,
,,,,,,,l,L,,,,
,,,,,,,xl,XL,,,,
,,,,,,,xxl,XXL,,,,
,,,,,,,xxxl,XXXL,,,,
brand,enum,None,true,true,Other,,kratkoe,Kratkoe,Brand,Brand,,SingleLine
,,,,,,,ayumu,Ayumu,,,,
,,,,,,,sadees,Sadees,,,,
